<?xml version="1.0" encoding="UTF-8"?>
<!DOCTYPE hibernate-mapping PUBLIC  
                            "-//Hibernate/Hibernate Mapping DTD 3.0//EN"  
                            "http://hibernate.sourceforge.net/hibernate-mapping-3.0.dtd" >
	<hibernate-mapping package="com.bean">
		<class name="T_User" table="T_User">
		<id name="id" column="id">
			<generator class="native"></generator>
		</id>
		<property name="userName" column="userName" type="java.lang.String"
			not-null="true" length="16"></property>
		<property name="passWord" column="passWord" type="java.lang.String"
			not-null="true" length="16" />

	</class>
</hibernate-mapping>  