<?xml version='1.0' encoding='UTF-8'?>
<!DOCTYPE hibernate-configuration PUBLIC
          "-//Hibernate/Hibernate Configuration DTD 3.0//EN"
          "http://www.hibernate.org/dtd/hibernate-configuration-3.0.dtd">
<!-- Generated by MyEclipse Hibernate Tools.                   -->
<hibernate-configuration>

 <session-factory>
    
    	<property name="connection.driver_class">com.microsoft.sqlserver.jdbc.SQLServerDriver</property>
    	<property name="connection.url">jdbc:sqlserver://localhost:1433;DataBaseName=userSSh</property>
    	<property name="connection.username">sa</property>
    	<property name="connection.password">123</property>
    	<property name="hibernate.dialect">org.hibernate.dialect.SQLServerDialect</property>
    	<property name="hibernate.show_sql">true</property>
    	<property name="hibernate.format_sql">true</property>
    	<property name="hibernate.current_session_context_class">thread</property>
   
    	<mapping resource="com/bean/T_User.hbm.xml"/>
    	
    </session-factory>


</hibernate-configuration>